{
	"Url": {
		"prefix": "url",
		"body": [
			"url('${1:name}')"
		],
		"description": "url directions"
	},
	"Extend layout": {
		"prefix": "b:extends",
		"body": [
			"@extends('${1:name}')"
		],
		"description": "extends view layout"
	},
	"Yield content": {
		"prefix": "b:yield",
		"body": [
			"@yield('${1:name}')"
		],
		"description": "yield content section"
	},
	"Content Section": {
		"prefix": "b:section",
		"body": [
			"@section('${1:name}')",
			"    $2",
			"@endsection"
		],
		"description": "content section"
	},
	"Content Section Show": {
		"prefix": "b:section-show",
		"body": [
			"@section('$1')",
			"    $2",
			"@show"
		],
		"description": "content section show"
	},
	"Include view": {
		"prefix": "b:include",
		"body": [
			"@include('${1:name}')"
		],
		"description": "include view"
	},
	"If-block": {
		"prefix": "b:if",
		"body": [
			"@if ($1)",
			"    $2",
			"@endif"
		],
		"description": "@if block"
	},
	"If-else-block": {
		"prefix": "b:if-else",
		"body": [
			"@if ($1)",
			"    $2",
			"@else",
			"    $3",
			"@endif"
		],
		"description": "if-else block"
	},
	"Has Section": {
		"prefix": "b:has-section",
		"body": [
			"@hasSection ('${1:name}')",
			"    $2",
			"@else",
			"    $3",
			"@endif"
		],
		"description": "@hasSection condition"
	},
	"Unless-block": {
		"prefix": "b:unless",
		"body": [
			"@unless ($1)",
			"    $2",
			"@endunless"
		],
		"description": "@unless block"
	},
	"For-block": {
		"prefix": "b:for",
		"body": [
			"@for (\\$i = ${1:0}; \\$i < ${2:\\$count}; \\$i++)",
			"    $3",
			"@endfor"
		],
		"description": "@for block"
	},
	"Foreach-block": {
		"prefix": "b:foreach",
		"body": [
			"@foreach (${1:\\$collection} as ${2:\\$item})",
			"    $3",
			"@endforeach"
		],
		"description": "@foreach block"
	},
	"forelse-block": {
		"prefix": "b:forelse",
		"body": [
			"@forelse (${1:\\$collection} as ${2:\\$item})",
			"    $3",
			"@empty",
			"    $4",
			"@endforelse"
		],
		"description": "@forelse block"
	},
	"while-block": {
		"prefix": "b:while",
		"body": [
			"@while ($1)",
			"    $2",
			"@endwhile"
		],
		"description": "@while block"
	},
	"each loop": {
		"prefix": "b:each",
		"body": [
			"@each('${1:view.name}', ${2:\\$collection}, '${3:variable}', '${4:view.empty}')"
		],
		"description": "@each loop"
	},
	"blade comment": {
		"prefix": "b:comment",
		"body": [
			"{{-- ${1:comment} --}}",
			"$2"
		],
		"description": "comment block"
	},
	"blade echo-data": {
		"prefix": "b:echo",
		"body": [
			"{{ ${1:\\$data} }}"
		],
		"description": "echo data"
	},
	"blade echo-unescaped-data": {
		"prefix": "b:echo-html",
		"body": [
			"{!! ${1:\\$html_data} !!}"
		],
		"description": "echo unescaped data (allow html outputs)"
	},
	"blade echo-untouch": {
		"prefix": "b:echo-raw",
		"body": [
			"@{{ ${1:variable} }}"
		],
		"description": "echo untouched data (allow javascript expression)"
	},
	"blade verbatim": {
		"prefix": "b:verbatim",
		"body": [
			"@verbatim",
			"{{ ${1:variable} }}",
			"@endverbatim"
		],
		"description": "displaying JavaScript variables in a large portion of your template"
	},
	"Push stack": {
		"prefix": "b:push",
		"body": [
			"@push('${1:name}')",
			"    $2",
			"@endpush"
		],
		"description": "@push stack"
	},
	"Stack": {
		"prefix": "b:stack",
		"body": [
			"@stack('${1:name}')"
		],
		"description": "@stack"
	},
	"inject service": {
		"prefix": "b:inject",
		"body": [
			"@inject('${1:name}', '${2:class}')"
		],
		"description": "@inject Service"
	},
	"can": {
		"prefix": "b:can",
		"body": [
			"@can('${1:update}', ${2:Model}::class)",
			"\t$3",
			"@endcan"
		],
		"description": "display a portion of the page only if the user is authorized to perform a given action."
	},
	"can-elsecan": {
		"prefix": "b:can-elsecan",
		"body": [
			"@can('${1:update}', ${2:\\$post})",
			"\t$3",
			"@elsecan('${4:create}', $2)",
			"\t$5",
			"@endcan"
		],
		"description": "display a portion of the page only if the user is authorized to perform a given action."
	},
	"cannot": {
		"prefix": "b:cannot",
		"body": [
			"@cannot('${1:update}', ${2:Model}::class)",
			"\t$3",
			"@endcannot"
		],
		"description": "display a portion of the page only if the user is authorized to perform a given action."
	},
	"can-elsecannot": {
		"prefix": "b:cannot-elsecannot",
		"body": [
			"@cannot('${1:update}', ${2:\\$post})",
			"\t$3",
			"@elsecannot('${4:create}', $2)",
			"\t$5",
			"@endcannot"
		],
		"description": "display a portion of the page only if the user is authorized to perform a given action."
	},
	"loop": {
		"prefix": "b:loop",
		"body": [
			"\\$loop->${1:first}$2"
		],
		"description": "$loop->(index|remaining|count|first|last|depth|parent)"
	},
	"loop first": {
		"prefix": "b:loop-first",
		"body": [
			"@if (\\$loop->first)",
			"    ${1:{{-- This is the first iteration --\\}\\}}",
			"@endif",
			"$2"
		],
		"description": "$loop->first"
	},
	"loop last": {
		"prefix": "b:loop-last",
		"body": [
			"@if (\\$loop->last)",
			"    ${1:{{-- This is the last iteration --\\}\\}}",
			"@endif"
		],
		"description": "$loop->last"
	},
	"php": {
		"prefix": "b:php",
		"body": [
			"@php",
			"    $1",
			"@endphp"
		],
		"description": "@php block code in view"
	},
	"includeIf": {
		"prefix": "b:includeIf",
		"body": [
			"@includeIf('${1:view.name}'${2:, ['some' => 'data']})"
		],
		"description": "include a view that may or may not be present, you should use the @includeIf directive"
	},
	"component": {
		"prefix": "b:component",
		"body": [
			"@component('$1')",
			"    $2",
			"@endcomponent"
		],
		"description": "component"
	},
	"slot": {
		"prefix": "b:slot",
		"body": [
			"@slot('$1')",
			"    $2",
			"@endslot"
		],
		"description": "slot"
	},
	"isset": {
		"prefix": "b:isset",
		"body": [
			"@isset(${1:\\$record})",
			"    $2",
			"@endisset"
		],
		"description": "isset"
	},
	"empty": {
		"prefix": "b:empty",
		"body": [
			"@empty(${1:\\$record})",
			"    $2",
			"@endempty"
		],
		"description": "empty"
	},
	"error": {
		"prefix": "b:error",
		"body": [
			"@error('${1:record}')",
			"    $2",
			"@enderror"
		],
		"description": "error"
	},
	"includeWhen": {
		"prefix": "b:includeWhen",
		"body": [
			"@includeWhen(${1:\\$boolean}, '${2:view.name}', [${3:'some' => 'data'}])"
		],
		"description": "includeWhen"
	},
	"auth": {
		"prefix": "b:auth",
		"body": [
			"@auth",
			"    $1",
			"@endauth"
		],
		"description": "auth"
	},
	"guest": {
		"prefix": "b:guest",
		"body": [
			"@guest",
			"    $1",
			"@endguest"
		],
		"description": "guest"
	},
	"switch": {
		"prefix": "b:switch",
		"body": [
			"@switch(${1:\\$type})",
			"    @case(${2:1})",
			"        $3",
			"        @break",
			"    @case(${4:2})",
			"        $5",
			"        @break",
			"    @default",
			"        $6",
			"@endswitch"
		],
		"description": "switch"
	},
	"includeFirst": {
		"prefix": "b:includeFirst",
		"body": [
			"@includeFirst(['${1:view.name}', '${2:variable}'], [${3:'some' => 'data'}])"
		],
		"description": "includeFirst"
	},
	"csrf": {
		"prefix": "b:csrf",
		"body": [
			"@csrf"
		],
		"description": "form csrf field"
	},
	"method": {
		"prefix": "b:method",
		"body": [
			"@method($1)"
		],
		"description": "form method field"
	},
	"dump": {
		"prefix": "b:dump",
		"body": [
			"@dump($1)"
		],
		"description": "dump"
	},
	"lang": {
		"prefix": "b:lang",
		"body": [
			"@lang('${1:messages.welcome}')"
		],
		"description": "lang"
	},
	"includeUnless": {
		"prefix": "b:includeUnless",
		"body": [
			"@includeUnless(${1:\\$boolean}, '${2:view.name}', [${3:'some' => 'data'}])"
		],
		"description": "includeUnless"
	},
	"props": {
		"prefix": "b:props",
		"body": "@props(['${1:propName}'])",
		"description": "Blade component data properties"
	},
	"env": {
		"prefix": "b:env",
		"body": [
			"@env('${1:staging}')",
			"    $2",
			"@endenv"
		],
		"description": "env"
	},
	"production": {
		"prefix": "b:production",
		"body": [
			"@production",
			"    $1",
			"@endproduction"
		],
		"description": "production"
	}
}
